{
    "mean_r2": 0.973205155134201,
    "std_r2": 0.003122144717489361,
    "all_r2": [
        0.9749549627304077,
        0.9685704708099365,
        0.9709386229515076,
        0.9702087044715881,
        0.9705090522766113,
        0.9755012392997742,
        0.9732130169868469,
        0.9772017002105713,
        0.9707576632499695,
        0.9707053899765015,
        0.9748068451881409,
        0.9731123447418213,
        0.9742605686187744,
        0.9734237194061279,
        0.9675942659378052,
        0.9755385518074036,
        0.9780333638191223,
        0.9782150387763977,
        0.969641387462616,
        0.9769161939620972
    ]
}