{
  "R2_With_Throughput": [
    0.8767225742340088,
    0.87931889295578,
    0.8435015082359314,
    0.8830670118331909,
    0.8639353513717651,
    0.8669134378433228,
    0.850989580154419,
    0.873292863368988,
    0.889390230178833,
    0.8750765323638916,
    0.8996299505233765,
    0.8799256086349487,
    0.8763325810432434,
    0.8783708214759827,
    0.876002848148346,
    0.8754317760467529,
    0.8804638385772705,
    0.8687735795974731,
    0.8831981420516968,
    0.8825290203094482
  ],
  "R2_Without_Throughput": [
    0.8871138095855713,
    0.8777590990066528,
    0.8642857670783997,
    0.8788491487503052,
    0.8499125242233276,
    0.8500244617462158,
    0.8461413383483887,
    0.8665549159049988,
    0.8908445835113525,
    0.8667792677879333,
    0.8915044069290161,
    0.8742679357528687,
    0.8639967441558838,
    0.8708511590957642,
    0.8730274438858032,
    0.8510456681251526,
    0.8828919529914856,
    0.8707298636436462,
    0.8741925358772278,
    0.8614438772201538
  ]
}