{
  "R2_With_React": [
    0.8808386921882629,
    0.8633440136909485,
    0.8867894411087036,
    0.8471117615699768,
    0.8895435929298401,
    0.8736567497253418,
    0.8494281768798828,
    0.8715429902076721,
    0.8739575147628784,
    0.8681155443191528,
    0.824993371963501,
    0.8714094161987305,
    0.8664331436157227,
    0.8634960055351257,
    0.8921646475791931,
    0.8715566992759705,
    0.8652842044830322,
    0.8722555637359619,
    0.8754693269729614,
    0.8937259316444397
  ],
  "R2_Without_React": [
    0.8036264181137085,
    0.8631731271743774,
    0.8776394128799438,
    0.8533455729484558,
    0.8709675669670105,
    0.8557184934616089,
    0.8484126925468445,
    0.8752129673957825,
    0.8814836144447327,
    0.8766759037971497,
    0.8047252893447876,
    0.8860902786254883,
    0.8568922281265259,
    0.8059313297271729,
    0.874380350112915,
    0.8685348629951477,
    0.8645674586296082,
    0.8588624000549316,
    0.8836219310760498,
    0.884253740310669
  ]
}