{
    "Gaussian": [
        0.8809799551963806,
        0.8754806518554688,
        0.8881894946098328,
        0.8646727800369263,
        0.8711822032928467,
        0.869383692741394,
        0.8846872448921204,
        0.861016035079956,
        0.8836435079574585,
        0.8649204969406128,
        0.8826429843902588,
        0.8639781475067139,
        0.8582800030708313,
        0.8713521361351013,
        0.851321816444397,
        0.7787303328514099,
        0.8760660886764526,
        0.8693466782569885,
        0.8727512955665588,
        0.7887364625930786
    ],
    "Soft_Label": [
        0.9084959030151367,
        0.9371100664138794,
        0.9333565831184387,
        0.8915557265281677,
        0.9030253291130066,
        0.8997335433959961,
        0.9228484630584717,
        0.8548700213432312,
        0.5896353125572205,
        0.7874839305877686,
        0.7428467273712158,
        0.8750172853469849,
        0.8965065479278564,
        0.8626185655593872,
        0.8485357761383057,
        0.8024286031723022,
        0.8413653373718262,
        0.9072656631469727,
        0.7144491672515869,
        0.8776691555976868
    ],
        "Hard_Label": [
        0.9008110761642456,
        0.801535964012146,
        0.8891274929046631,
        0.6663027405738831,
        0.7909435033798218,
        0.6756325960159302,
        0.8312299251556396,
        0.6277101635932922,
        0.9214961528778076,
        0.879692018032074,
        0.8667626976966858,
        0.9169523119926453,
        0.6838765144348145,
        0.9094988703727722,
        0.9078874588012695,
        0.8629096746444702,
        0.8965590000152588,
        0.8402974605560303,
        0.910076916217804,
        0.8656706213951111
    ]

}