{
  "random_state": [
    82,
    13,
    34,
    87,
    81,
    13,
    76,
    57,
    19,
    39,
    20,
    18,
    73,
    76,
    80,
    40,
    18,
    49,
    35,
    61
  ],
  "R2_BINARY": [
    0.8627332448959351,
    0.8271125555038452,
    0.8250713348388672,
    0.8492957949638367,
    0.8482188582420349,
    0.8452942371368408,
    0.8421975374221802,
    0.8505201935768127,
    0.824232816696167,
    0.8184396624565125,
    0.8348450660705566,
    0.8164260387420654,
    0.8318548798561096,
    0.8357210755348206,
    0.8367681503295898,
    0.841312825679779,
    0.8311147689819336,
    0.8258368372917175,
    0.837999701499939,
    0.8332726359367371
  ],
  "R2_BCE_MSE": [
    0.8641010522842407,
    0.8303040266036987,
    0.8367064595222473,
    0.8503106832504272,
    0.8465827107429504,
    0.8497765064239502,
    0.8402210474014282,
    0.8513168096542358,
    0.8354547023773193,
    0.8232935667037964,
    0.8288148045539856,
    0.8198758363723755,
    0.8257251977920532,
    0.8355245590209961,
    0.8389577269554138,
    0.8605973124504089,
    0.8345462083816528,
    0.8234835863113403,
    0.8407726883888245,
    0.8257691860198975
  ],
  "R2_MSE": [
    0.8582288026809692,
    0.8232131004333496,
    0.8460437655448914,
    0.843275785446167,
    0.8379524946212769,
    0.8526054620742798,
    0.8266512751579285,
    0.8486148118972778,
    0.8409836292266846,
    0.8241968750953674,
    0.8283782005310059,
    0.8169348835945129,
    0.8378545045852661,
    0.8264579176902771,
    0.846023678779602,
    0.8674761652946472,
    0.8238484263420105,
    0.8185757398605347,
    0.8453679084777832,
    0.8282423615455627
  ]
}