{
  "metadata": {
    "seeds": [
      31,
      93,
      98,
      57,
      61,
      5,
      77,
      70,
      8,
      19,
      72,
      1,
      34,
      17,
      79,
      73,
      65,
      96,
      43,
      50
    ],
    "gamma_tested": [
      0.1,
      0.3,
      0.5,
      0.7,
      0.9,
      1.1
    ]
  },
  "results": {
    "gamma_0_1": [
      0.8506036996841431,
      0.8920969367027283,
      0.8699089884757996,
      0.8823708295822144,
      0.8652998805046082,
      0.8492375016212463,
      0.8646948933601379,
      0.8907116651535034,
      0.8831828832626343,
      0.8222042918205261,
      0.8666979074478149,
      0.8984858989715576,
      0.8856242299079895,
      0.881495475769043,
      0.8609248399734497,
      0.858500063419342,
      0.8908065557479858,
      0.8687255382537842,
      0.8606088757514954,
      0.8725826144218445
    ],
    "gamma_0_3": [
      0.8544734716415405,
      0.8716936707496643,
      0.8677792549133301,
      0.8600267767906189,
      0.8663029670715332,
      0.8673503398895264,
      0.8699069023132324,
      0.883198618888855,
      0.8783373236656189,
      0.8693460822105408,
      0.8725312948226929,
      0.8790662288665771,
      0.8802327513694763,
      0.8812670111656189,
      0.8565163016319275,
      0.8714417219161987,
      0.8749009966850281,
      0.8493719696998596,
      0.866455078125,
      0.869483232498169
    ],
    "gamma_0_5": [
      0.8451148867607117,
      0.8516840934753418,
      0.8806726336479187,
      0.8667991757392883,
      0.8352853655815125,
      0.8377520442008972,
      0.864655077457428,
      0.8620124459266663,
      0.8560568690299988,
      0.8554077744483948,
      0.859230101108551,
      0.8755908608436584,
      0.8774958252906799,
      0.8627505302429199,
      0.8450875282287598,
      0.8769577145576477,
      0.8738871216773987,
      0.8560388088226318,
      0.862805187702179,
      0.8627404570579529
    ],
    "gamma_0_7": [
      0.8344106674194336,
      0.8546604514122009,
      0.8469516038894653,
      0.8527560830116272,
      0.8318809270858765,
      0.8208438158035278,
      0.8622776865959167,
      0.8481284379959106,
      0.862320065498352,
      0.8426984548568726,
      0.8431811332702637,
      0.8663315773010254,
      0.8407477736473083,
      0.8593005537986755,
      0.8346174955368042,
      0.8577276468276978,
      0.8743252754211426,
      0.8431746363639832,
      0.8604665994644165,
      0.8341996073722839
    ],
    "gamma_0_9": [
      0.8165079355239868,
      0.8430565595626831,
      0.8535779714584351,
      0.8583427667617798,
      0.8282379508018494,
      0.804735541343689,
      0.8324712514877319,
      0.8489695191383362,
      0.8387507796287537,
      0.8525921106338501,
      0.8360709547996521,
      0.8591346144676208,
      0.8518155217170715,
      0.8568311929702759,
      0.8252687454223633,
      0.8442237973213196,
      0.8630906343460083,
      0.8275390863418579,
      0.8326188325881958,
      0.8403677940368652
    ],
    "gamma_1_1": [
      0.8275148272514343,
      0.8170354962348938,
      0.8212072849273682,
      0.8577569127082825,
      0.814116358757019,
      0.8185366988182068,
      0.8234724402427673,
      0.847266435623169,
      0.8341658115386963,
      0.8306451439857483,
      0.827089786529541,
      0.8487045764923096,
      0.8468661904335022,
      0.8333235383033752,
      0.8372319340705872,
      0.8596794605255127,
      0.8605661392211914,
      0.8240150213241577,
      0.8273957967758179,
      0.8435946106910706
    ]
  }
}