{
  "R2_With_React": [
    0.8654873371124268,
    0.8516421914100647,
    0.8258119821548462,
    0.8678395748138428,
    0.8270331621170044,
    0.8506053686141968,
    0.8617902398109436,
    0.8338034152984619,
    0.8721439838409424,
    0.8504268527030945,
    0.8544671535491943,
    0.8490209579467773,
    0.8689174652099609,
    0.8372851610183716,
    0.8659154176712036,
    0.860593318939209,
    0.8442407846450806,
    0.8611969351768494,
    0.8573063611984253,
    0.8300489187240601
  ],
  "R2_Without_React": [
    0.8193737864494324,
    0.803515613079071,
    0.8082029819488525,
    0.845700204372406,
    0.8186312913894653,
    0.842802107334137,
    0.8232036828994751,
    0.7965995669364929,
    0.8363050222396851,
    0.859912097454071,
    0.8283103108406067,
    0.8332161903381348,
    0.857532262802124,
    0.815395712852478,
    0.8400362730026245,
    0.8427215814590454,
    0.8147729635238647,
    0.8417878746986389,
    0.8220609426498413,
    0.8105946183204651
  ]
}