{
    "mean_r2": 0.7898851424455643,
    "std_r2": 0.07153231605721426,
    "all_r2": [
        0.8086234927177429,
        0.8744596242904663,
        0.8698056936264038,
        0.8057560920715332,
        0.7102582454681396,
        0.7698144912719727,
        0.8453631401062012,
        0.7485140562057495,
        0.764983057975769,
        0.8737367391586304,
        0.7573138475418091,
        0.7118291258811951,
        0.7478702068328857,
        0.8259358406066895,
        0.8811874389648438,
        0.5834649801254272,
        0.8497113585472107,
        0.8126948475837708,
        0.7365158796310425,
        0.8198646903038025
    ]
}