{
    "mean_r2": 0.9105982333421707,
    "std_r2": 0.030555766186992725,
    "all_r2": [
        0.9013033509254456,
        0.9247568845748901,
        0.941389799118042,
        0.9144148230552673,
        0.9139052033424377,
        0.9058898687362671,
        0.8286871314048767,
        0.9273833632469177,
        0.9228686094284058,
        0.9190375804901123,
        0.8192988634109497,
        0.9114511609077454,
        0.9245184659957886,
        0.9186312556266785,
        0.926777184009552,
        0.9324424862861633,
        0.9203061461448669,
        0.9195953011512756,
        0.9037670493125916,
        0.9355401396751404
    ]
}