{
  "random_state": [
    52,
    93,
    15,
    72,
    61,
    21,
    83,
    87,
    75,
    75,
    88,
    24,
    3,
    22,
    53,
    2,
    88,
    30,
    38,
    2
  ],
  "R2_MSE": [
    0.8490151166915894,
    0.8622269034385681,
    0.8362720012664795,
    0.8573733568191528,
    0.8208550810813904,
    0.8475771546363831,
    0.8436979055404663,
    0.83342444896698,
    0.7995951175689697,
    0.8216037750244141,
    0.8536834716796875,
    0.8429257273674011,
    0.8446199893951416,
    0.8276244401931763,
    0.8340430855751038,
    0.816882312297821,
    0.8433401584625244,
    0.8202306628227234,
    0.79180908203125,
    0.8118500709533691
  ],
  "R2_HARD_LABEL": [
    0.8822875618934631,
    0.8986431360244751,
    0.8684353828430176,
    0.8876232504844666,
    0.8551033139228821,
    0.8889808654785156,
    0.8756632208824158,
    0.8772297501564026,
    0.8479766845703125,
    0.869589626789093,
    0.8803355693817139,
    0.875758171081543,
    0.8748813271522522,
    0.8621339797973633,
    0.8658146858215332,
    0.8683635592460632,
    0.8777461051940918,
    0.8597047924995422,
    0.8569049835205078,
    0.8622493147850037
  ],
  "R2_SOFT_LABEL": [
    0.8818687796592712,
    0.8965051770210266,
    0.8659111857414246,
    0.8858747482299805,
    0.8547462821006775,
    0.888031005859375,
    0.8762608170509338,
    0.877039909362793,
    0.8482133150100708,
    0.8683631420135498,
    0.8831135630607605,
    0.8749715089797974,
    0.8763847351074219,
    0.8616392612457275,
    0.8678145408630371,
    0.8682814836502075,
    0.877234935760498,
    0.8601546287536621,
    0.8566033840179443,
    0.8625040650367737
  ]
}