{
  "R2_With_React": [
    0.8026583194732666,
    0.886937141418457,
    0.7952611446380615,
    0.8854283094406128,
    0.8751026391983032,
    0.8731119632720947,
    0.8909197449684143,
    0.8793410062789917,
    0.8824031949043274,
    0.8698505759239197,
    0.7867938280105591,
    0.8707542419433594,
    0.8768011927604675,
    0.8531084060668945,
    0.8849196434020996,
    0.869888186454773,
    0.8723582029342651,
    0.8641059398651123,
    0.8831059336662292,
    0.8791664838790894
  ],
  "R2_Without_React": [
    0.8569027185440063,
    0.8832729458808899,
    0.8579754829406738,
    0.8801828026771545,
    0.8688894510269165,
    0.8774935603141785,
    0.8878896236419678,
    0.8944678902626038,
    0.8613451719284058,
    0.8524938821792603,
    0.7677742838859558,
    0.8752461075782776,
    0.8620710968971252,
    0.7691220641136169,
    0.8942168354988098,
    0.8701266050338745,
    0.8797258138656616,
    0.8410912752151489,
    0.8725383877754211,
    0.8677666187286377
  ]
}