{
  "random_state": [
    52,
    93,
    15,
    72,
    61,
    21,
    83,
    87,
    75,
    75,
    88,
    24,
    3,
    22,
    53,
    2,
    88,
    30,
    38,
    2
  ],
  "R2_MSE": [
    0.8498521447181702,
    0.8526302576065063,
    0.838855504989624,
    0.8471982479095459,
    0.8133031129837036,
    0.8547245264053345,
    0.8476161360740662,
    0.8247753977775574,
    0.8182532787322998,
    0.8077194094657898,
    0.8237771987915039,
    0.8294531106948853,
    0.846537709236145,
    0.8299198150634766,
    0.8302209973335266,
    0.8099403381347656,
    0.84330153465271,
    0.8195003867149353,
    0.8066144585609436,
    0.8357657194137573
  ],
  "R2_HARD_LABEL": [
    0.8833160400390625,
    0.8861016035079956,
    0.8756301403045654,
    0.8795228600502014,
    0.8555619716644287,
    0.8773244619369507,
    0.886781632900238,
    0.866503894329071,
    0.8698036670684814,
    0.8547976016998291,
    0.8646836280822754,
    0.8627700209617615,
    0.8893492817878723,
    0.860848069190979,
    0.87038254737854,
    0.8585156202316284,
    0.875823974609375,
    0.8697333335876465,
    0.8642489910125732,
    0.8770301342010498
  ],
  "R2_SOFT_LABEL": [
    0.8820791840553284,
    0.885640025138855,
    0.8762860298156738,
    0.878974974155426,
    0.8550621271133423,
    0.8798698782920837,
    0.885718822479248,
    0.8663160800933838,
    0.8712011575698853,
    0.8547210097312927,
    0.8646745085716248,
    0.8631977438926697,
    0.8896162509918213,
    0.8618249893188477,
    0.8703739047050476,
    0.8572873473167419,
    0.8760312795639038,
    0.8684879541397095,
    0.8635654449462891,
    0.8758416175842285
  ]
}