{
  "random_state": [
    52,
    93,
    15,
    72,
    61,
    21,
    83,
    87,
    75,
    75,
    88,
    24,
    3,
    22,
    53,
    2,
    88,
    30,
    38,
    2
  ],
  "R2_MSE": [
    0.8480805158615112,
    0.863757848739624,
    0.8320014476776123,
    0.8315756916999817,
    0.8195610642433167,
    0.8399171233177185,
    0.8427820801734924,
    0.8426467180252075,
    0.8122934103012085,
    0.8324743509292603,
    0.842892050743103,
    0.8172879815101624,
    0.8532739877700806,
    0.8087517619132996,
    0.8213201761245728,
    0.8283948302268982,
    0.8410232067108154,
    0.8122739195823669,
    0.8250595331192017,
    0.8137524127960205
  ],
  "R2_HARD_LABEL": [
    0.8787664175033569,
    0.8978049159049988,
    0.8751122951507568,
    0.8692196607589722,
    0.8555012345314026,
    0.8792086839675903,
    0.877534806728363,
    0.8841328620910645,
    0.8663407564163208,
    0.8760251998901367,
    0.8759465217590332,
    0.8584021329879761,
    0.8912385106086731,
    0.8498879075050354,
    0.856277585029602,
    0.8723160028457642,
    0.8664004802703857,
    0.866502046585083,
    0.8767117857933044,
    0.8591758012771606
  ],
  "R2_SOFT_LABEL": [
    0.8773001432418823,
    0.8972211480140686,
    0.8764060735702515,
    0.8681607246398926,
    0.8545936346054077,
    0.8796035051345825,
    0.8771886229515076,
    0.884535551071167,
    0.8660117387771606,
    0.8748972415924072,
    0.8750323057174683,
    0.8590860366821289,
    0.8906639814376831,
    0.84892737865448,
    0.8571876287460327,
    0.8683546185493469,
    0.8701927661895752,
    0.8667678833007812,
    0.8759533166885376,
    0.8587069511413574
  ]
}