{
  "random_state": [
    52,
    93,
    15,
    72,
    61,
    21,
    83,
    87,
    75,
    75,
    88,
    24,
    3,
    22,
    53,
    2,
    88,
    30,
    38,
    2
  ],
  "R2_MSE": [
    0.8559920787811279,
    0.8460438251495361,
    0.8272975087165833,
    0.817375123500824,
    0.8278472423553467,
    0.8496099710464478,
    0.8353254795074463,
    0.8478409051895142,
    0.8197581768035889,
    0.8255634307861328,
    0.8338266015052795,
    0.8264317512512207,
    0.8559136986732483,
    0.8374652862548828,
    0.8264360427856445,
    0.8532052636146545,
    0.8315206170082092,
    0.8020663261413574,
    0.8243263959884644,
    0.8196333050727844
  ],
  "R2_HARD_LABEL": [
    0.8845279216766357,
    0.8895056843757629,
    0.8713870048522949,
    0.8601871132850647,
    0.8652059435844421,
    0.8755042552947998,
    0.8760503530502319,
    0.889401912689209,
    0.864677369594574,
    0.8725252151489258,
    0.8721997737884521,
    0.8588269352912903,
    0.8908772468566895,
    0.8718873858451843,
    0.8616021871566772,
    0.8910465240478516,
    0.8669908046722412,
    0.8498988151550293,
    0.8651383519172668,
    0.8658236265182495
  ],
  "R2_SOFT_LABEL": [
    0.8842604756355286,
    0.8894115686416626,
    0.8707501888275146,
    0.8599942922592163,
    0.8655350804328918,
    0.8752150535583496,
    0.8747570514678955,
    0.8899933099746704,
    0.8648516535758972,
    0.8728528618812561,
    0.8713562488555908,
    0.8592044115066528,
    0.8897757530212402,
    0.8712829351425171,
    0.8609381914138794,
    0.8914364576339722,
    0.8677493333816528,
    0.8499829769134521,
    0.8649464845657349,
    0.8651473522186279
  ]
}