{
  "R2_With_GHSV": [
    0.8805620074272156,
    0.858690619468689,
    0.8334318995475769,
    0.8777646422386169,
    0.8890133500099182,
    0.7677546739578247,
    0.8660454154014587,
    0.8744385242462158,
    0.8965626955032349,
    0.8679731488227844,
    0.8879885077476501,
    0.8869434595108032,
    0.8781368732452393,
    0.8850787878036499,
    0.8610324859619141,
    0.8720633387565613,
    0.8859384655952454,
    0.8408986926078796,
    0.8748793005943298,
    0.8860877156257629
  ],
  "R2_Without_GHSV": [
    0.8560172319412231,
    0.850049614906311,
    0.8805782198905945,
    0.865095317363739,
    0.8715465664863586,
    0.8449580669403076,
    0.8650301098823547,
    0.85599285364151,
    0.8819161057472229,
    0.8654550313949585,
    0.8688950538635254,
    0.8882771730422974,
    0.8577446937561035,
    0.8886179327964783,
    0.8754518628120422,
    0.8806667327880859,
    0.8977960348129272,
    0.8660130500793457,
    0.8799386620521545,
    0.8818534016609192
  ]
}