{
  "metadata": {
    "seeds": [
      40,
      30,
      1,
      45,
      63,
      5,
      93,
      95,
      81,
      9,
      96,
      80,
      88,
      7,
      5,
      1,
      50,
      6,
      42,
      74
    ],
    "gamma_tested": [
      0.01,
      0.1,
      1,
      10
    ]
  },
  "results": {
    "gamma_0_01": [
      0.9503166079521179,
      0.9342091083526611,
      0.9413464069366455,
      0.9306765794754028,
      0.9208173751831055,
      0.9446141123771667,
      0.9416623711585999,
      0.9411960244178772,
      0.9480238556861877,
      0.9383056163787842,
      0.9043304324150085,
      0.9412052631378174,
      0.9509279131889343,
      0.935825526714325,
      0.9524669051170349,
      0.935476541519165,
      0.9434041380882263,
      0.9529099464416504,
      0.9360458850860596,
      0.9229839444160461
    ],
    "gamma_0_1": [
      0.8917882442474365,
      0.8730124831199646,
      0.8930675983428955,
      0.8742757439613342,
      0.8071738481521606,
      0.8402115106582642,
      0.8811522722244263,
      0.8545145988464355,
      0.8695621490478516,
      0.8752197623252869,
      0.8665540218353271,
      0.8793795108795166,
      0.8644657135009766,
      0.8541243672370911,
      0.8562042117118835,
      0.8908807039260864,
      0.8562213182449341,
      0.8791580200195312,
      0.8924570679664612,
      0.8151712417602539
    ],
    "gamma_1": [
      0.8436914682388306,
      0.8178868293762207,
      0.8476352691650391,
      0.8368885517120361,
      0.8200548887252808,
      0.8063564896583557,
      0.8547327518463135,
      0.8348045349121094,
      0.8329121470451355,
      0.8344730138778687,
      0.8226773738861084,
      0.8322455883026123,
      0.845453679561615,
      0.8388916850090027,
      0.835299015045166,
      0.8543949723243713,
      0.8269162178039551,
      0.8405267000198364,
      0.8604638576507568,
      0.8101089000701904
    ],
    "gamma_10": [
      0.8407858610153198,
      0.8066401481628418,
      0.8516772985458374,
      0.8410041928291321,
      0.8045954704284668,
      0.8204200267791748,
      0.8403795957565308,
      0.820275604724884,
      0.8324123024940491,
      0.8458982706069946,
      0.8051245808601379,
      0.8356952667236328,
      0.8335936069488525,
      0.8126667141914368,
      0.8013696670532227,
      0.8423904776573181,
      0.8379641175270081,
      0.8466981053352356,
      0.832231879234314,
      0.8309736251831055
    ]
  }
}