{
  "random_state": [
    92,
    61,
    49,
    88,
    91,
    87,
    60,
    76,
    42,
    99,
    66,
    48,
    26,
    11,
    57,
    58,
    72,
    45,
    19,
    78
  ],
   "Gaussian": [
    0.8393638134002686,
    0.8180540800094604,
    0.780529260635376,
    0.8125535249710083,
    0.8116615414619446,
    0.7820417284965515,
    0.8024604320526123,
    0.7902361750602722,
    0.8133485913276672,
    0.8230952620506287,
    0.8061751127243042,
    0.8363468050956726,
    0.8231716156005859,
    0.808618426322937,
    0.8111023306846619,
    0.8188989758491516,
    0.8198699951171875,
    0.8425315618515015,
    0.8086755275726318,
    0.807040810585022
  ],
  
  "Soft Label": [
    0.8778034448623657,
    0.8533393144607544,
    0.8313523530960083,
    0.8516718149185181,
    0.8592153787612915,
    0.8267810344696045,
    0.8531479835510254,
    0.8412696719169617,
    0.8544847965240479,
    0.8752775192260742,
    0.8476352095603943,
    0.8835570216178894,
    0.8737266063690186,
    0.8503812551498413,
    0.8605893850326538,
    0.8591243624687195,
    0.8571808338165283,
    0.8737499117851257,
    0.8643804788589478,
    0.8530653715133667
  ],
  "Hard Label": [
    0.8792074918746948,
    0.8536524176597595,
    0.8319076895713806,
    0.8519642949104309,
    0.858720600605011,
    0.8245623707771301,
    0.8529880046844482,
    0.8422982692718506,
    0.8534257411956787,
    0.8763062357902527,
    0.8478670120239258,
    0.8835793137550354,
    0.873572051525116,
    0.8511902093887329,
    0.8614789247512817,
    0.8586777448654175,
    0.8589857816696167,
    0.8679754137992859,
    0.8645949363708496,
    0.8544557094573975
  ]
}