{
    "experiment_info": {
        "num_runs": 20,
        "epochs": 800,
        "device": "cuda",
        "gamma_list": [
            0.01,
            0.005,
            0.002
        ]
    },
    "metrics": {
        "all_run_r2": [
            0.9445558786392212,
            0.9359803795814514,
            0.9333758354187012,
            0.9430282115936279,
            0.939911961555481,
            0.9355473518371582,
            0.9381839036941528,
            0.9346904754638672,
            0.9392960667610168,
            0.9468734860420227,
            0.9449660778045654,
            0.9447000622749329,
            0.935505211353302,
            0.9339131116867065,
            0.9459221959114075,
            0.9302135705947876,
            0.9275373816490173,
            0.9425546526908875,
            0.9345803260803223,
            0.9399073123931885
        ],
        "average_r2": 0.9385621726512909,
        "std_r2": 0.005356101578326187,
        "max_r2": 0.9468734860420227,
        "min_r2": 0.9275373816490173
    }
}