{
  "random_state": [
    52,
    93,
    15,
    72,
    61,
    21,
    83,
    87,
    75,
    75,
    88,
    24,
    3,
    22,
    53,
    2,
    88,
    30,
    38,
    2
  ],
  "R2_MSE": [
    0.8476204872131348,
    0.8674135208129883,
    0.8285963535308838,
    0.8388775587081909,
    0.8323460221290588,
    0.8374843597412109,
    0.8328038454055786,
    0.8406411409378052,
    0.8079531788825989,
    0.8137129545211792,
    0.8411582708358765,
    0.8365709781646729,
    0.8500539660453796,
    0.8331518173217773,
    0.821143627166748,
    0.8165069222450256,
    0.8426181674003601,
    0.8129999041557312,
    0.7831711769104004,
    0.8154371976852417
  ],
  "R2_HARD_LABEL": [
    0.8527472019195557,
    0.8571707010269165,
    0.8351212739944458,
    0.8402813673019409,
    0.8119543790817261,
    0.828854501247406,
    0.8432221412658691,
    0.8467406630516052,
    0.8099532723426819,
    0.8319247961044312,
    0.841916561126709,
    0.8247372508049011,
    0.8227421641349792,
    0.8277320265769958,
    0.8299946188926697,
    0.8294951915740967,
    0.8273320198059082,
    0.8314771056175232,
    0.7950496077537537,
    0.8188765048980713
  ],
  "R2_SOFT_LABEL": [
    0.8516871929168701,
    0.8561618328094482,
    0.8374530673027039,
    0.8392523527145386,
    0.8227494955062866,
    0.831344485282898,
    0.8438442945480347,
    0.8484864830970764,
    0.8200087547302246,
    0.8322268724441528,
    0.8364226818084717,
    0.8269571661949158,
    0.8313839435577393,
    0.8282690644264221,
    0.8219947218894958,
    0.8307498097419739,
    0.8315420150756836,
    0.8276024460792542,
    0.7965337634086609,
    0.8224415183067322
  ]
}